,snp,ave_imp_value,std_imp_value,count,mh,k55,frog,o256,gda,t1024
0,rs4949101,0.0027932963,0.00023472220000000002,1000,False,False,False,False,True,True
1,rs7855794,0.0013337610000000001,0.0001202326,1000,False,False,False,False,False,True
2,rs68160486,0.0011402283,0.0001050908,1000,False,False,False,False,False,True
3,rs183803752,0.0018438813,0.0001480858,1000,False,False,False,True,True,True
4,rs78141302,0.0026894882,0.0002091218,1000,False,False,False,False,True,True
5,rs2852983,0.0009042242999999999,9.10299e-05,1000,False,False,False,False,False,True
6,rs73091421,0.0014998631,0.0001280603,1000,False,False,False,False,True,True
7,rs1834640,0.0015463476,0.0001327915,1000,False,False,True,True,True,True
8,rs201765515,0.0012219296,9.28497e-05,1000,False,False,False,False,False,True
9,rs201849325,0.0017069109,0.0001444107,1000,False,False,False,False,True,True
10,rs2665499,0.0041037687,0.00029396880000000003,1000,False,False,False,True,True,True
11,rs1426654,0.0025992775,0.0002087004,1000,False,True,True,True,True,True
12,rs199671746,0.0030707147,0.00022780830000000002,1000,False,False,False,True,True,True
13,rs6730157,0.0015320009,0.0001051892,1000,False,False,False,False,True,True
14,rs35391,0.0014139047,0.0001023283,1000,False,False,False,True,True,True
15,rs66850615,0.0014429722000000001,0.0001230553,1000,False,False,False,False,True,True
16,rs28649017,0.0017220756,0.0001413336,1000,False,False,False,False,True,True
17,rs77482085,0.0009335017,6.66667e-05,1000,False,False,False,False,False,True
18,rs201990185,0.0031535671999999995,0.0002399967,1000,False,False,False,True,True,True
19,rs202152611,0.0009752539999999999,8.25817e-05,1000,False,False,False,False,False,True
20,rs519250,0.0010296247999999999,8.10519e-05,1000,False,False,False,False,False,True
21,rs7443842,0.0013088721,0.0001091367,1000,False,False,False,False,True,True
22,rs201841050,0.0015699388,0.0001387315,1000,False,False,False,True,True,True
23,rs72762928,0.0014072697,0.000118171,1000,False,False,False,False,False,True
24,rs7570971,0.0016022281,0.00010741,1000,False,False,False,False,True,True
25,rs28117,0.0013430338,9.74283e-05,1000,False,False,False,True,True,True
26,rs12465802,0.0014995565,0.0001034398,1000,False,False,False,False,True,True
27,rs61494052,0.0010515952999999999,7.99075e-05,1000,False,False,False,False,False,True
28,rs6754311,0.0015436892999999999,0.000100339,1000,False,True,True,False,True,True
29,rs75303030,0.0025239152,0.0002047545,1000,False,False,False,True,True,True
30,rs2982593,0.0016578404999999998,0.0001660416,1000,False,False,False,True,True,True
31,rs10146479,0.0022125167,0.0001301978,1000,False,False,False,False,True,True
32,rs12913832,0.0024270547,0.0001362259,1000,False,True,True,True,True,True
33,rs77389080,0.0012319196000000001,0.0001024743,1000,False,False,False,False,True,True
34,rs3893896,0.0009125367,8.392959999999999e-05,1000,False,False,False,False,False,True
35,rs199964072,0.0016805408,0.00014795270000000002,1000,False,False,False,False,True,True
36,rs3077277,0.0016682088,0.0001458248,1000,False,False,False,True,True,True
37,rs1446585,0.0012173198,8.503459999999999e-05,1000,False,False,False,False,True,True
38,rs2614453,0.0010237582000000001,0.00011000989999999999,1000,False,False,False,False,False,True
39,rs28777,0.0023896351000000002,0.0001683027,1000,False,False,False,True,True,True
40,rs1973204,0.0010499631,0.0001096816,1000,False,False,False,False,False,True
41,rs200294915,0.0028153978,0.00023554959999999998,1000,False,False,False,True,True,True
42,rs201998647,0.0009773062,9.09394e-05,1000,False,False,False,False,False,True
43,rs200358384,0.0009611291,8.940790000000002e-05,1000,False,False,False,False,False,True
44,rs10102041,0.0015876795999999998,0.0001376247,1000,False,False,False,False,True,True
45,rs201075024,0.002985855,0.0002173855,1000,True,False,False,True,True,True
46,rs28602221,0.0017917094,0.0001601727,1000,False,False,False,False,True,True
47,rs9292432,0.0008275541999999999,9.79085e-05,1000,False,False,False,False,False,True
48,rs79002088,0.0021240558,0.0001791571,1000,False,False,False,False,True,True
49,rs79292426,0.0030786428,0.0002364675,1000,False,False,False,True,True,True
50,rs886266,0.0011777361,9.22233e-05,1000,False,False,False,False,False,True
51,rs5005233,0.0010774922,9.4407e-05,1000,False,False,False,False,True,True
52,rs365690,0.0019288808999999999,0.0001598291,1000,False,False,False,True,True,True
53,rs60744737,0.0010134629,7.70708e-05,1000,False,False,False,False,False,True
54,rs201424869,0.0020067656,0.0001543598,1000,False,False,False,False,True,True
55,rs60947910,0.0009147630000000001,0.0001081793,1000,False,False,False,False,False,True
56,rs60218154,0.0021352128,0.0001742058,1000,False,False,False,False,True,True
57,rs112440963,0.0015537298999999999,0.0001337322,1000,False,False,False,False,True,True
58,rs35408,0.0014774202,0.0001052236,1000,False,False,False,True,True,True
59,rs386768,0.0019246454000000001,0.0001757452,1000,False,False,False,True,True,True
60,rs6723108,0.001071359,7.8088e-05,1000,False,False,False,False,False,True
61,rs200189385,0.0026318247,0.0002134899,1000,False,False,False,True,True,True
62,rs16891982,0.0038894097999999998,0.00024099790000000002,1000,True,True,True,True,True,True
63,rs4727559,0.0011937059,0.0001266971,1000,False,False,False,True,False,True
64,rs35397,0.0025282851,0.0001733147,1000,False,False,False,True,True,True
65,rs35390,0.0014033082,0.00010577700000000001,1000,False,False,False,True,True,True
66,rs1129038,0.0023407644,0.0001309091,1000,False,False,False,True,True,True
67,rs35407,0.0023396035,0.000173014,1000,False,False,False,True,True,True
68,rs2974160,0.0015407720000000001,0.000131516,1000,False,False,False,True,True,True
69,rs77972557,0.0012959494,0.0001173365,1000,False,False,False,False,True,True
70,rs201369312,0.0022615478,0.00018110529999999998,1000,False,False,False,False,True,True
71,rs11936304,0.0020338695,0.0001715727,1000,False,False,False,False,True,True
72,rs4754054,0.0013203370000000002,0.0001042876,1000,False,False,False,False,True,True
73,rs78596191,0.0009972216,9.32639e-05,999,False,False,False,False,True,True
74,rs201982822,0.0009043359,6.75267e-05,999,False,False,False,False,False,True
75,rs1667394,0.0014062407999999998,8.093810000000001e-05,999,False,False,False,False,True,True
76,rs3827760,0.0031842772999999998,0.0002455774,999,False,True,True,True,True,True
77,rs72643559,0.0013049789,0.00012716209999999998,999,False,False,False,False,False,True
78,rs4988235,0.0016271902,0.0001050815,999,False,False,False,False,True,True
79,rs2611153,0.0008968092,6.70467e-05,999,False,False,False,False,False,True
80,rs916977,0.0013421638,7.5882e-05,999,False,False,False,False,False,True
81,rs10947525,0.0009188491,7.59866e-05,998,False,False,False,False,False,True
82,rs6053172,0.0013285824,0.00012079799999999999,998,False,False,False,True,True,True
83,rs1800414,0.0025497867000000003,0.0002548553,998,False,True,True,True,True,True
84,rs11850206,0.0019481864,0.0001071556,998,False,False,False,False,True,True
85,rs2675345,0.0011605627,9.237950000000001e-05,998,False,False,False,True,True,True
86,rs749873,0.0009142236999999999,6.73896e-05,998,False,False,False,False,False,True
87,rs453755,0.0017869770000000001,0.0001062533,998,False,False,False,False,True,True
88,rs3811801,0.0017216369,0.000198768,997,False,True,True,True,True,True
89,rs260687,0.0019040396,0.0001540468,997,False,False,False,True,True,True
90,rs138896525,0.0013718035999999998,0.0001049845,996,False,False,False,False,True,True
91,rs11150606,0.0012379994,0.00014731209999999998,996,True,False,False,True,True,True
92,rs17822931,0.0015624248999999998,9.512979999999999e-05,996,False,False,True,False,True,True
93,rs3935591,0.0011744374,7.14488e-05,996,False,False,False,False,True,True
94,rs2196051,0.0011038609,8.36425e-05,996,False,True,True,False,False,True
95,rs9796793,0.0012902669,0.0001239786,996,False,False,False,True,True,True
96,rs201853997,0.0009902477000000001,6.18685e-05,996,False,False,False,False,True,True
97,rs260690,0.001907571,0.0001559605,995,False,True,True,True,True,True
98,rs12000133,0.0012210546,9.23915e-05,995,False,False,False,True,False,True
99,rs1229984,0.0014370417999999999,0.00015311,994,False,True,True,True,True,True
100,rs200971397,0.0011045267999999998,0.0001038577,994,False,False,False,True,True,True
101,rs509360,0.0012330389,7.92333e-05,994,False,False,False,True,True,True
102,rs150594940,0.0011689839,8.48358e-05,993,False,False,False,False,True,True
103,rs80143994,0.0010297703,7.778470000000001e-05,993,False,False,False,False,False,True
104,rs11657785,0.0014849924,0.000148879,993,False,False,False,True,True,True
105,rs1545397,0.0010481352,0.000111942,992,False,False,False,True,False,True
106,rs113369387,0.0008484113000000001,6.84963e-05,992,False,False,False,False,False,True
107,rs1043809,0.0010016344,8.84452e-05,990,False,False,False,True,False,True
108,rs74261335,0.0011011135,0.0001024251,990,False,False,False,False,True,True
109,rs333113,0.0011928852,0.000114541,990,False,False,False,False,True,True
110,rs4530406,0.0010432828999999998,6.99691e-05,990,False,False,False,True,True,True
111,rs2087248,0.0011400541,7.5999e-05,989,False,False,False,True,False,True
112,rs12232113,0.0010233134,7.69665e-05,989,False,False,False,False,False,True
113,rs384116,0.0013461642999999998,7.816689999999999e-05,988,False,False,False,False,True,True
114,rs76268104,0.0012490351,0.00010181940000000001,987,False,False,False,False,False,True
115,rs4365635,0.0016355701,0.00016451779999999999,987,False,False,False,True,True,True
116,rs35587949,0.0010349513,0.0001124143,987,False,False,False,True,False,True
117,rs35455589,0.0010624389999999999,0.0001021436,987,False,False,False,True,True,True
118,rs72932959,0.0010710027,0.0001112514,987,False,False,False,True,True,True
119,rs4833103,0.0008954283,7.5677e-05,986,False,True,True,True,False,True
120,rs2814778,0.0020143881,0.0002233912,986,False,True,True,True,True,True
121,rs10129859,0.0011045767,7.91624e-05,986,False,False,False,False,True,True
122,rs2789823,0.0019549653,0.000202542,986,False,False,True,True,True,True
123,rs260714,0.0011285285000000001,0.00011589860000000001,985,False,False,True,True,True,True
124,rs11130248,0.0010330473,0.0001031966,984,False,False,False,True,True,True
125,rs404613,0.0013309317,0.0001097317,984,False,False,False,True,True,True
126,rs2700372,0.0010309147,6.87038e-05,984,False,False,False,False,True,True
127,rs260698,0.0011897867,0.00011567879999999999,983,False,False,False,True,True,True
128,rs410852,0.0013392976000000001,8.1258e-05,983,False,False,False,False,True,True
129,rs78133412,0.0011442999,0.00011222430000000001,983,False,False,False,True,False,True
130,rs12637464,0.0010432438,6.67679e-05,982,False,False,False,False,True,True
131,rs10962599,0.0009523823,7.17992e-05,982,False,False,True,True,False,True
132,rs3848503,0.0008780211,5.70661e-05,981,False,False,False,False,False,True
133,rs798888,0.0011176682000000001,7.10344e-05,981,False,False,False,False,True,True
134,rs2776039,0.000838422,7.40698e-05,981,False,False,False,False,False,True
135,rs6542787,0.0012702047,0.0001233331,981,False,False,False,True,True,True
136,rs2384319,0.0011709897,0.00011492969999999999,980,False,False,False,False,False,True
137,rs11693502,0.0008679336,6.29737e-05,980,False,False,False,False,False,True
138,rs6132532,0.0009773311,6.61947e-05,980,False,False,False,False,True,True
139,rs2071203,0.0010746511,0.00010815340000000001,980,False,False,False,True,True,True
140,rs12615624,0.0009440189,6.03325e-05,979,False,False,False,False,False,True
141,rs12233084,0.0009390122,0.00011462850000000001,979,False,False,False,True,False,True
142,rs7002024,0.0008525233,5.8109099999999996e-05,979,False,False,False,False,False,True
143,rs10470156,0.0008398914999999999,5.7064499999999995e-05,979,False,False,False,False,False,True
144,rs2233476,0.0009562948,0.0001061055,978,False,False,False,True,False,True
145,rs73874785,0.0011545903,0.0001134446,977,False,False,False,True,False,True
146,rs4381499,0.0009913774,8.24567e-05,976,False,False,False,True,False,True
147,rs103294,0.0011773791000000001,7.29902e-05,976,False,False,False,False,True,True
148,rs140752371,0.0010761812,9.919530000000001e-05,976,False,False,False,True,False,True
149,rs6930377,0.0016876872,0.000206367,975,False,False,False,True,True,True
150,rs174574,0.0010084445,7.463109999999999e-05,974,False,False,True,False,False,True
151,rs28687075,0.0008679288000000001,5.66819e-05,974,False,False,False,False,False,True
152,rs1624825,0.0009525488000000001,8.16723e-05,973,False,False,False,True,False,True
153,rs10865026,0.0009797289,9.96026e-05,973,False,False,False,True,False,True
154,rs13427222,0.0011403798,0.0001155066,973,False,False,False,True,True,True
155,rs4809578,0.0010473681,0.0001114882,973,False,False,False,True,False,True
156,rs116954456,0.0009891295,0.0001404012,972,False,False,False,True,False,True
157,rs309137,0.0009033164,6.0824799999999994e-05,972,False,False,False,False,False,True
158,rs9607660,0.0011859855,0.0001177964,971,False,False,False,True,True,True
159,rs35511437,0.0011577658000000001,7.74361e-05,971,False,False,False,False,True,True
160,rs174581,0.0009434939999999999,7.029060000000001e-05,968,False,False,False,False,False,True
161,rs10750836,0.0010114157000000001,6.41059e-05,967,False,False,False,True,False,True
162,rs10025911,0.0007584366999999999,7.103260000000001e-05,966,False,False,False,False,False,True
163,rs4337777,0.0011098946000000001,0.0001009899,966,False,False,False,True,True,True
164,rs174592,0.0009676905000000001,7.033e-05,964,False,False,False,False,False,True
165,rs9909233,0.0008084114999999999,6.39135e-05,964,False,False,False,False,False,True
166,rs1871534,0.0016337464,0.0002113254,963,False,True,True,True,True,True
167,rs201632611,0.0009009564,0.0001092416,961,False,False,False,True,False,True
168,rs344454,0.0013442573,0.0001579412,961,False,False,False,True,False,True
169,rs174580,0.0009487111,6.77334e-05,960,False,False,False,False,False,True
170,rs34772177,0.0010378550999999999,7.50829e-05,960,False,False,False,False,False,True
171,rs4842319,0.0007948027000000001,6.91585e-05,960,False,False,False,True,False,True
172,rs6750964,0.0010075647,9.140790000000001e-05,960,False,False,False,True,False,True
173,rs102275,0.0009574508,6.666199999999999e-05,958,False,False,False,False,False,True
174,rs10933959,0.0009650094,9.590790000000001e-05,957,False,False,False,True,False,True
175,rs2175591,0.0009763688000000001,0.0001229528,956,False,False,False,True,False,True
176,rs4790359,0.001544434,0.0002057647,954,False,False,False,True,True,True
177,rs616047,0.0009701583,9.19217e-05,953,False,False,False,True,False,True
178,rs3118123,0.0013930948000000002,0.00018527110000000002,952,False,False,False,True,True,True
179,rs7349,0.0013051933,0.0001523752,952,False,False,False,False,True,True
180,rs6719488,0.0008830017,5.89027e-05,948,False,False,False,False,False,True
181,rs99780,0.0009220353,6.41805e-05,948,False,False,False,False,False,True
182,rs139581886,0.0009398798,9.309760000000001e-05,948,False,False,False,True,False,True
183,rs10067518,0.0015767773,0.0002051489,948,False,False,False,True,True,True
184,rs16932430,0.0015418416,0.0002094898,947,True,False,False,True,True,True
185,rs1257029,0.0009300561999999999,6.41869e-05,945,False,False,False,True,False,True
186,rs359307,0.0013426005,7.55768e-05,944,False,False,False,False,False,True
187,rs10760260,0.0010574733,7.11168e-05,944,False,False,False,False,False,True
188,rs4778138,0.0010298891,6.11661e-05,943,False,False,False,False,False,True
189,rs2322660,0.0008932194,5.92724e-05,943,False,False,False,False,False,True
190,rs191595858,0.0007464444,6.58754e-05,942,False,False,False,False,False,True
191,rs17066220,0.0009747252,0.00010750190000000001,940,False,False,False,False,False,True
192,rs111259171,0.0009962386,7.4324e-05,940,False,False,False,False,True,True
193,rs9868484,0.0009260777,8.81557e-05,937,False,False,False,True,False,True
194,rs71337576,0.0008086933,6.30755e-05,937,False,False,False,False,False,True
195,rs12987030,0.0009269157000000001,8.72138e-05,937,False,False,False,False,False,True
196,rs174566,0.0009133661999999999,6.6135e-05,935,False,False,False,False,False,True
197,rs114429736,0.0009357536,6.83526e-05,935,False,False,False,True,False,True
198,rs3211938,0.0009376,8.5905e-05,934,False,False,False,False,False,True
199,rs4246215,0.0008936736,6.568399999999999e-05,933,False,False,False,False,False,True
200,rs9321675,0.0007951097,5.48282e-05,933,False,False,False,False,False,True
201,rs7141854,0.0008043578,6.38565e-05,933,False,False,False,False,False,True
202,rs13379842,0.0012497782,0.0001479997,933,False,False,False,False,False,True
203,rs12004637,0.0015063729999999999,0.00020004369999999998,932,False,False,False,True,True,True
204,rs2938273,0.0008184878,6.167850000000001e-05,931,False,False,False,False,False,True
205,rs6543242,0.0009478005999999999,9.82759e-05,929,False,False,False,False,False,True
206,rs2022371,0.001092556,0.0001275742,928,False,False,False,True,False,True
207,rs1036543,0.0009572395,6.02823e-05,928,False,False,False,True,False,True
208,rs6875659,0.0010074605000000001,0.0001247734,927,False,False,True,False,False,True
209,rs12785878,0.0010204822,5.6240100000000004e-05,927,False,False,False,False,False,True
210,rs2101696,0.0009047058000000001,7.5826e-05,926,False,False,False,True,False,True
211,rs892666,0.0012266222,7.612560000000001e-05,925,False,False,False,False,True,True
212,rs10810656,0.0010935173,6.30531e-05,925,False,False,False,False,True,True
213,rs174599,0.0009070021000000001,6.25547e-05,923,False,False,False,False,False,True
214,rs653220,0.0010988992999999999,0.0001422291,923,False,False,False,True,False,True
215,rs174577,0.0009016182,6.526e-05,922,False,False,False,False,False,True
216,rs5800913,0.0009053141000000001,5.41578e-05,922,False,False,False,False,False,True
217,rs74301867,0.0010158314,7.243020000000001e-05,921,False,False,False,False,False,True
218,rs1811510,0.0010096025,9.513709999999999e-05,921,False,False,False,False,False,True
219,rs174535,0.0008892378,6.34217e-05,921,False,False,False,False,False,True
220,rs174578,0.0009024949000000001,6.61004e-05,920,False,False,False,False,False,True
221,rs12065033,0.001078505,0.00016586700000000002,919,False,False,False,True,False,True
222,rs869050,0.0009863332000000001,0.0001547748,918,False,False,False,True,False,True
223,rs12751100,0.0009135008,6.2097e-05,918,False,False,False,False,False,True
224,rs115701687,0.0010054827,0.00010093440000000001,918,False,False,False,True,False,True
225,rs34595228,0.0009989182,0.00011195049999999999,916,False,False,False,False,False,True
226,rs5751085,0.000914962,7.6855e-05,915,False,False,False,False,False,True
227,rs2236783,0.0008505916,5.9517299999999993e-05,915,False,False,False,False,False,True
228,rs1834022,0.0011321838,0.0001625929,915,False,False,False,True,False,True
229,rs9260044,0.0010615073,6.81922e-05,914,False,False,False,False,True,True
230,rs2148359,0.0009608983000000001,9.195139999999999e-05,913,False,False,False,False,False,True
231,rs10138228,0.0010820796,7.163180000000001e-05,912,False,False,False,False,False,True
232,rs8074965,0.0009818237,0.0001386572,912,False,False,False,True,True,True
233,rs7745413,0.0010831091,7.0096e-05,910,False,False,False,False,True,True
234,rs2144440,0.0009236286,5.99201e-05,909,False,False,False,False,False,True
235,rs1204224,0.0009735149000000001,6.23871e-05,908,False,False,False,False,False,True
236,rs803736,0.0009699327000000001,6.52883e-05,908,False,False,False,False,False,True
237,rs7927064,0.0010593386,0.0001248903,906,False,False,False,True,False,True
238,rs2148360,0.0009326339,9.02531e-05,906,False,False,False,True,True,True
239,rs7192148,0.0012380873,0.0001801687,904,False,False,False,True,True,True
240,rs6601495,0.0012369317,0.0001815974,904,False,False,False,True,True,True
241,rs9260334,0.001064595,6.84805e-05,904,False,False,False,False,True,True
242,rs554362,0.0010307073,0.0001468063,904,False,False,False,True,True,True
243,rs4924987,0.0008891128999999999,8.20975e-05,903,False,False,False,True,True,True
244,rs6834781,0.0010587234,6.22345e-05,901,False,False,False,False,False,True
245,rs6445254,0.0010615077,7.05054e-05,900,False,False,False,False,False,True
246,rs17002407,0.0009167863,7.40923e-05,896,False,False,False,False,False,True
247,rs6674304,0.0010673385,0.0001294246,895,False,False,False,True,False,True
248,rs79215615,0.0008721292,5.50741e-05,893,False,False,False,False,False,True
249,rs1942050,0.001005205,6.17241e-05,892,False,False,False,False,False,True
250,rs627238,0.0009009958,8.2871e-05,892,False,False,False,True,False,True
251,rs2827756,0.0010004889,0.0001520823,891,False,False,False,True,False,True
252,rs174601,0.0008747967999999999,6.0699300000000003e-05,891,False,False,False,False,False,True
253,rs2261033,0.001130888,6.21801e-05,889,False,False,False,False,True,True
254,rs61454082,0.0010161901,0.0001471353,888,False,False,False,True,True,True
255,rs11724689,0.0009986745,6.12917e-05,887,False,False,False,False,False,True
256,rs575377,0.0007536798,6.58701e-05,887,False,False,False,False,False,True
257,rs971414,0.0009425666,5.9797700000000005e-05,886,False,False,False,False,False,True
258,rs2870391,0.001013798,0.0001589178,885,False,False,False,True,False,True
259,rs935613,0.0008380075,5.9096000000000005e-05,885,False,False,False,False,False,True
260,rs9896466,0.0009655743,0.00013895270000000002,883,False,False,False,True,True,True
261,rs9309464,0.0010553411999999999,0.0001246426,882,False,False,False,True,False,True
262,rs3749946,0.0009626104,7.59298e-05,882,False,False,False,False,False,True
263,rs16968287,0.0010070474,0.0001498832,880,False,False,False,True,False,True
264,rs12059066,0.0009263875,0.0001437086,877,False,False,False,True,False,True
265,rs76189304,0.0009749504,9.444600000000001e-05,876,False,False,False,False,False,True
266,rs11022516,0.0008652735,6.31023e-05,876,False,False,False,False,False,True
267,rs2720100,0.0010479131,6.0661099999999994e-05,875,False,False,False,False,False,True
268,rs9260392,0.0010569616000000001,7.02797e-05,875,False,False,False,False,True,True
269,rs10817902,0.0008285271,8.36745e-05,873,False,False,False,True,False,True
270,rs11126303,0.0008798896000000001,7.41411e-05,872,False,False,False,True,True,True
271,rs8066682,0.0009837693,0.00014227090000000001,869,False,False,False,True,False,True
272,rs7221473,0.0009921698,0.0001546159,869,False,False,False,True,False,True
273,rs8079220,0.0010145596000000002,0.00010364389999999999,868,False,False,False,False,True,True
274,rs56848623,0.0009258788,0.0001411377,866,False,False,False,True,False,True
275,rs1257027,0.0008828064999999999,6.134949999999999e-05,863,False,False,False,True,False,True
276,rs1796049,0.0008832523,6.08308e-05,862,False,False,False,True,False,True
277,rs6715329,0.0008904786999999999,6.19255e-05,859,False,False,False,True,False,True
278,rs4672623,0.0009725862,5.9158999999999994e-05,859,False,False,False,False,False,True
279,rs77669941,0.0008773127,7.909180000000001e-05,857,False,False,False,True,False,True
280,rs75304911,0.0009862053,8.373319999999999e-05,857,False,False,False,False,False,True
281,rs891746,0.0009414019,0.0001512789,857,False,False,False,True,False,True
282,rs1437787,0.0008658769999999999,7.52229e-05,856,False,False,False,True,False,True
283,rs6884906,0.0007793178,5.3338500000000004e-05,854,False,False,False,False,False,True
284,rs5758036,0.0009693475,7.47784e-05,853,False,False,False,True,False,True
285,rs2777804,0.0009883081,6.03468e-05,850,False,False,False,False,False,True
286,rs97384,0.0008771849,6.079060000000001e-05,850,False,False,False,False,False,True
287,rs7645635,0.0009174438,0.000138174,849,False,False,False,True,False,True
288,rs56055061,0.0007916238,5.7014799999999995e-05,849,False,False,False,False,False,True
289,rs35807993,0.0008685333999999999,8.31644e-05,847,False,False,False,False,False,True
290,rs1257017,0.0008985069000000001,5.7971000000000005e-05,847,False,False,False,True,False,True
291,rs4447323,0.0009247336,9.86487e-05,847,False,False,False,False,False,True
292,rs9730511,0.000914268,6.29916e-05,844,False,False,False,False,False,True
293,rs1240708,0.0009019649000000001,6.46683e-05,843,False,False,False,False,False,True
294,rs595872,0.0008932272,5.68895e-05,843,False,False,False,False,True,True
295,rs174529,0.0008668717999999999,6.16129e-05,843,False,False,False,False,False,True
296,rs738987,0.000899262,7.21968e-05,843,False,False,False,False,False,True
297,rs427851,0.0012183928999999999,7.02396e-05,843,False,False,False,False,False,True
298,rs7236102,0.0009835773,0.00013828459999999998,843,False,False,False,True,False,True
299,rs76671344,0.0009364137,6.29727e-05,839,False,False,False,False,False,True
300,rs2395173,0.0010636602,7.63177e-05,834,False,False,False,False,False,True
301,rs6572562,0.0011379053,9.49508e-05,834,False,False,False,True,True,True
302,rs12665401,0.0009478878999999999,5.91197e-05,833,False,False,False,False,True,True
303,rs10241520,0.0009587885000000001,6.365e-05,830,False,False,False,False,False,True
304,rs2294878,0.0009702624000000001,6.86192e-05,829,False,False,False,False,False,True
305,rs4886414,0.0011251164,6.7198e-05,828,False,False,False,False,False,True
306,rs55903767,0.0009226629,6.0150200000000006e-05,828,False,False,False,False,False,True
307,rs79803163,0.0009094202,8.083649999999999e-05,825,False,False,False,False,False,True
308,rs1110471,0.0009290158999999999,0.000102659,825,False,False,False,False,False,True
309,rs9260260,0.0010069101,6.40207e-05,825,False,False,False,False,True,True
310,rs3805322,0.0007395519000000001,0.00010842629999999999,825,False,False,False,True,False,True
311,rs2276360,0.0009345235000000001,5.4169099999999996e-05,824,False,False,False,False,False,True
312,rs3739593,0.0009803505,5.87205e-05,823,False,False,False,False,False,True
313,rs6038071,0.0009249063000000001,6.53671e-05,822,False,False,False,False,False,True
314,rs1535,0.0008412617999999999,6.46072e-05,822,False,False,False,False,False,True
315,rs4540058,0.0009818461,5.7801400000000005e-05,821,False,False,False,False,False,True
316,rs2890620,0.0009696613999999999,5.82861e-05,819,False,False,False,False,False,True
317,rs6421572,0.0009260791,6.42134e-05,819,False,False,False,True,True,True
318,rs117959826,0.0008169989,9.210719999999999e-05,818,False,False,False,False,False,True
319,rs174576,0.0008464810000000001,6.50532e-05,818,False,False,False,False,False,True
320,rs1250223,0.0008531789,8.48076e-05,818,False,False,False,True,False,True
321,rs3806157,0.0009223098,6.59537e-05,818,False,False,False,False,False,True
322,rs3129854,0.0009994045,7.34345e-05,817,False,False,False,False,False,True
323,rs984778,0.0009981091,7.27148e-05,817,False,False,False,False,False,True
324,rs1011361,0.0008330881,5.71004e-05,813,False,False,False,False,False,True
325,rs13432169,0.0008457612,6.38447e-05,813,False,False,False,True,False,True
326,rs74640930,0.0007346099000000001,5.7018e-05,811,False,False,False,False,False,True
327,rs3135338,0.0009995783,7.13608e-05,809,False,False,False,False,False,True
328,rs2183614,0.0011067188,6.78042e-05,809,False,False,False,False,False,True
329,rs17133728,0.0008628961,8.668530000000001e-05,809,False,False,False,True,False,True
330,rs2073917,0.0009877333999999999,6.24661e-05,808,False,False,False,True,False,True
331,rs118079072,0.0009167014,9.47951e-05,808,False,False,False,False,True,True
332,rs3135365,0.0009990615,6.7875e-05,807,False,False,False,False,True,True
333,rs2076530,0.0009547716000000001,6.41843e-05,807,False,False,False,False,False,True
334,rs2516276,0.0010488900999999998,7.3032e-05,806,False,False,False,False,False,True
335,rs3129869,0.0010032546,7.27396e-05,804,False,False,False,False,False,True
336,rs10435545,0.0009140519999999999,7.62395e-05,803,False,False,False,False,False,True
337,rs3135397,0.0009936739,6.96882e-05,801,False,False,False,False,False,True
338,rs174528,0.0008368597,6.132779999999999e-05,798,False,False,False,False,False,True
339,rs7225888,0.0008521622,0.00013224620000000002,798,False,False,False,True,False,True
340,rs3135395,0.0009987492,7.11977e-05,797,False,False,False,False,False,True
341,rs9847154,0.0010146704,8.59002e-05,796,False,False,False,True,True,True
342,rs3129871,0.0009309516,6.37257e-05,796,False,False,False,False,True,True
343,rs7548102,0.0008879325999999999,0.0001356506,796,False,False,False,False,False,True
344,rs7156879,0.0008518982000000001,0.0001330524,796,False,False,False,True,False,True
345,rs7358217,0.0008816616,8.13868e-05,793,False,False,False,True,False,True
346,rs1438307,0.0008335406,5.58435e-05,789,False,False,False,False,False,True
347,rs1288621,0.0009563774,6.970630000000001e-05,787,False,False,False,False,False,True
348,rs10173964,0.0008475067,6.46426e-05,787,False,False,False,True,False,True
349,rs2395178,0.0010046546,7.58405e-05,787,False,False,False,False,False,True
350,rs13141239,0.0008456016000000001,8.61424e-05,786,False,False,False,False,False,True
351,rs172447,0.0008805232000000001,0.000107358,785,False,False,False,True,False,True
352,rs10190766,0.0008599453999999999,0.000125699,784,False,False,False,False,False,True
353,rs7211440,0.0008615992,0.0001382024,784,False,False,False,True,False,True
354,rs12893134,0.0008539532,5.9917700000000004e-05,783,False,False,False,False,False,True
355,rs2250072,0.0008659181,7.38065e-05,782,False,False,False,False,True,True
356,rs3743930,0.0008766628,8.30543e-05,781,False,False,False,False,False,True
357,rs174533,0.0008205581,6.52691e-05,778,False,False,False,False,False,True
358,rs7041081,0.0007976339,7.74793e-05,777,False,False,False,False,False,True
359,rs5792235,0.0008393631,6.48805e-05,776,False,False,False,False,False,True
360,rs7962801,0.0008797844999999999,5.75458e-05,776,False,False,False,False,False,True
361,rs12434466,0.0008242175,8.54774e-05,775,False,False,True,False,False,True
362,rs9382647,0.0009110108,5.73045e-05,774,False,False,False,False,False,True
363,rs199687409,0.0007746366000000001,6.28132e-05,773,False,False,False,False,False,True
364,rs3132682,0.0009923671000000001,6.05105e-05,772,False,False,False,False,False,True
365,rs10876670,0.0008752087,5.74046e-05,772,False,False,False,False,False,True
366,rs16850912,0.0009319217,5.7803599999999997e-05,771,False,False,False,False,False,True
367,rs4426776,0.0008335469,5.11383e-05,771,False,False,False,False,False,True
368,rs2050190,0.0010830256,7.26375e-05,769,False,False,False,False,True,True
369,rs11025189,0.0008827735000000001,0.0001008748,767,False,False,False,True,False,True
370,rs1956299,0.0010831667999999998,5.8761e-05,767,False,False,False,False,False,True
371,rs12800438,0.0009170647999999999,5.3158800000000003e-05,765,False,False,False,False,False,True
372,rs9260313,0.0009699016,5.93512e-05,764,False,False,False,False,True,True
373,rs10819101,0.001183005,6.50114e-05,761,False,False,False,False,False,True
374,rs2456182,0.0010204202,6.12086e-05,760,False,False,False,False,False,True
375,rs728404,0.0007937122,7.62741e-05,757,False,False,False,False,False,True
376,rs3135335,0.0009359001,6.64334e-05,753,False,False,False,False,False,True
377,rs1849384,0.0008921091999999999,0.00010831319999999999,750,False,False,False,True,False,True
378,rs79349170,0.0007738046000000001,5.48954e-05,749,False,False,False,False,False,True
379,rs1918427,0.0009489671,5.60256e-05,746,False,False,False,False,False,True
380,rs1109748,0.0008737462,6.02466e-05,746,False,False,False,True,False,True
381,rs2287949,0.0007831842999999999,6.79905e-05,746,False,False,False,True,False,True
382,rs4789182,0.0009356196,6.23356e-05,746,False,False,False,False,False,True
383,rs133073,0.0009649066000000001,7.3258e-05,746,False,False,False,True,True,True
384,rs734307,0.000983053,5.75721e-05,744,False,False,False,False,False,True
385,rs9622590,0.0008154914,0.0001243981,743,False,False,False,False,False,True
386,rs1544850,0.0009980823,5.97113e-05,743,False,False,False,False,False,True
387,rs1736956,0.0009316184,5.7702700000000006e-05,742,False,False,False,False,False,True
388,rs4853450,0.0009913716,5.49313e-05,741,False,False,False,False,False,True
389,rs959071,0.0008355672,5.61242e-05,741,False,False,False,False,False,True
390,rs4373382,0.0009168825,6.29332e-05,737,False,False,False,False,False,True
391,rs1413241,0.0009695774,5.770310000000001e-05,737,False,False,False,False,False,True
392,rs6430539,0.0009047117999999999,5.47884e-05,734,False,False,False,False,False,True
393,rs145682935,0.0008808303999999999,0.0001050921,734,False,False,False,False,False,True
394,rs12039029,0.000935776,5.7303100000000004e-05,731,False,False,False,False,False,True
395,rs77546486,0.0009179415,7.68655e-05,731,False,False,False,False,False,True
396,rs3732486,0.0009448083999999999,6.31068e-05,730,False,False,False,False,False,True
397,rs735480,0.0009374914,6.596029999999999e-05,730,False,True,True,False,False,True
398,rs310644,0.0009163097,6.98996e-05,728,False,True,True,False,False,True
399,rs1130455,0.0009386457,6.09358e-05,728,False,False,False,False,True,True
400,rs56144223,0.0010147848,6.19405e-05,728,False,False,False,False,False,True
401,rs7647134,0.0009104015,5.48635e-05,726,False,False,False,False,False,True
402,rs174530,0.0008122006,6.383140000000001e-05,725,False,False,False,False,False,True
403,rs2371052,0.0008667337,5.66385e-05,725,False,False,False,False,False,True
404,rs397358,0.0009556847,6.50934e-05,723,False,False,False,False,True,True
405,rs11872025,0.0007660935000000001,0.0001216641,721,False,False,False,True,False,True
406,rs863980,0.0010098885,6.63752e-05,719,False,False,False,False,False,True
407,rs2294008,0.0011442593,6.395689999999999e-05,717,False,False,False,False,True,True
408,rs4672332,0.0009789224,6.03725e-05,717,False,False,False,False,False,True
409,rs1320308,0.0010001098,7.068229999999999e-05,716,False,False,False,False,False,True
410,rs147303588,0.0008472569,9.25891e-05,715,False,False,False,False,False,True
411,rs67650719,0.0010564849,8.231790000000001e-05,713,False,False,False,False,False,True
412,rs8066103,0.0008404759,6.36172e-05,713,False,False,False,True,False,True
413,rs6659655,0.0011739541,7.276489999999999e-05,712,False,False,False,False,False,True
414,rs7803075,0.0009243367999999999,5.70422e-05,712,False,False,True,False,False,True
415,rs2860580,0.0010695529,7.03662e-05,710,False,False,False,False,False,True
416,rs6712296,0.0008143941999999999,6.57187e-05,710,False,False,False,False,False,True
417,rs10825121,0.0008573933,8.196209999999999e-05,709,False,False,False,False,False,True
418,rs2259043,0.0009290114,5.6624300000000006e-05,709,False,False,False,False,False,True
419,rs1451002,0.0009460727000000001,6.49778e-05,708,False,False,False,False,False,True
420,rs1610706,0.0009247964,5.73422e-05,708,False,False,False,False,False,True
421,rs10762771,0.0009433766,5.9654499999999996e-05,703,False,False,False,False,False,True
422,rs11320420,0.0008409356,6.08775e-05,702,False,False,False,False,False,True
423,rs1800007,0.0009657200999999999,5.3874799999999995e-05,698,False,False,False,False,False,True
424,rs5002178,0.0010365567,6.12192e-05,696,False,False,False,False,False,True
425,rs147621605,0.0008423496,9.48678e-05,695,False,False,False,False,False,True
426,rs412657,0.0009623382,6.17007e-05,695,False,False,False,False,False,True
427,rs77280477,0.0006829778,5.75618e-05,691,False,False,False,False,False,True
428,rs17013428,0.0007783688,8.220430000000001e-05,690,False,False,False,False,False,True
429,rs7125515,0.0007846278,0.0001298897,690,False,False,False,True,False,True
430,rs2376558,0.0008687701,5.7939099999999996e-05,689,False,False,False,False,False,True
431,rs4907254,0.0008970578,5.67083e-05,689,False,False,False,False,False,True
432,rs12619365,0.0007628074,5.18559e-05,688,False,False,False,False,False,True
433,rs1288097,0.0009271171,6.55712e-05,686,False,False,False,False,False,True
434,rs4953863,0.0008897233,5.534e-05,686,False,False,False,False,False,True
435,rs12490837,0.0007456380000000001,7.831819999999999e-05,683,False,False,False,False,False,True
436,rs16942611,0.0008250413000000001,9.49621e-05,682,False,False,False,False,False,True
437,rs2228478,0.0009284425999999999,5.92929e-05,680,False,False,False,False,False,True
438,rs9795581,0.0007877695,0.0001238496,678,False,False,False,True,False,True
439,rs2228202,0.0008033293,6.63335e-05,678,False,False,False,True,False,True
440,rs4128851,0.0010506556,8.33218e-05,677,False,False,False,True,False,True
441,rs6502844,0.0009277787,5.80607e-05,675,False,False,False,False,False,True
442,rs11077787,0.00091948,5.7114099999999996e-05,675,False,False,False,False,False,True
443,rs238979,0.0007641697999999999,0.00011144739999999999,675,False,False,False,True,False,True
444,rs12905964,0.0009800943,5.98594e-05,675,False,False,False,True,False,True
445,rs1490742,0.0010134355,6.34248e-05,674,False,False,False,False,False,True
446,rs1003879,0.0010001417,6.04871e-05,673,False,False,False,False,False,True
447,rs2076529,0.000878048,6.24153e-05,673,False,False,False,False,False,True
448,rs7552141,0.0007840841,0.0001256854,672,False,False,False,True,True,True
449,rs793000,0.0010043215,5.76812e-05,671,False,False,False,False,False,True
450,rs199542723,0.0006617137,5.4378999999999996e-05,669,False,False,False,False,False,True
451,rs11220398,0.0007335366,9.257510000000001e-05,669,False,False,False,True,False,True
452,rs6430612,0.0007920634,5.10437e-05,668,False,False,False,False,False,True
453,rs17017425,0.0007337126,8.42201e-05,667,False,False,False,True,False,True
454,rs12352814,0.0008528066,7.425449999999999e-05,666,False,False,False,False,False,True
455,rs879511,0.0007683432000000001,0.0001277215,663,False,False,False,True,False,True
456,rs13407231,0.001023789,5.6345100000000004e-05,663,False,False,False,False,False,True
457,rs10926618,0.0009657599,5.5602e-05,662,False,False,False,False,False,True
458,rs8113143,0.0009395078,5.68996e-05,662,False,False,True,False,False,True
459,rs12293403,0.0009314,6.310840000000001e-05,661,False,False,False,False,False,True
460,rs1979537,0.000955452,5.7615100000000003e-05,661,False,False,False,False,False,True
461,rs142574866,0.0008399302000000001,9.94085e-05,660,False,False,False,False,False,True
462,rs202054686,0.0006942744000000001,5.69438e-05,660,False,False,False,False,False,True
463,rs388276,0.0009625797,6.6646e-05,659,False,False,False,False,False,True
464,rs1611185,0.0009005842,5.6194e-05,659,False,False,False,False,False,True
465,rs11260579,0.0008601714,5.87009e-05,658,False,False,False,False,False,True
466,rs387098,0.0008989849,7.08058e-05,658,False,False,False,False,False,True
467,rs11217806,0.0008122331,8.714299999999999e-05,657,False,False,False,True,False,True
468,rs17047661,0.0007508488000000001,0.00012248870000000002,655,False,False,False,True,False,True
469,rs3817973,0.0008754813,6.0946499999999997e-05,654,False,False,False,False,False,True
470,rs1888207,0.0009212252000000001,5.70579e-05,652,False,False,False,False,False,True
471,rs5000634,0.0009642075999999999,6.05155e-05,652,False,False,False,False,False,True
472,rs2975030,0.0010472456,6.97933e-05,652,False,False,False,False,True,True
473,rs2426552,0.0007601089,0.0001206873,651,False,False,False,False,False,True
474,rs117333943,0.0009040134,8.5614e-05,650,False,False,False,False,False,True
475,rs116264618,0.0009885914,7.60092e-05,649,False,False,False,False,False,True
476,rs6464774,0.0009163785000000001,5.62616e-05,646,False,False,False,False,False,True
477,rs10985915,0.0008515571000000001,8.5008e-05,646,False,False,False,False,False,True
478,rs60910145,0.000785988,7.04722e-05,646,False,False,False,False,False,True
479,rs199454,0.0010879512,6.56804e-05,644,False,False,False,False,True,True
480,rs413907,0.0009618383999999999,6.80815e-05,644,False,False,False,False,False,True
481,rs2075470,0.0009257808,5.81272e-05,643,False,False,False,False,False,True
482,rs34494690,0.0008793105000000001,5.1552e-05,643,False,False,False,False,False,True
483,rs1249738,0.0010495896,5.89592e-05,642,False,False,False,False,False,True
484,rs480196,0.0009967163,5.73859e-05,642,False,False,False,False,False,True
485,rs16915365,0.0008119564,7.58932e-05,640,False,False,False,False,False,True
486,rs7779873,0.0009659769,5.77077e-05,640,False,False,False,False,False,True
487,rs17119346,0.0010013784,6.34485e-05,640,False,False,False,False,False,True
488,rs1388093,0.000936431,6.15213e-05,639,False,False,False,False,False,True
489,rs2076533,0.0008785321,6.34068e-05,639,False,False,False,False,False,True
490,rs6587052,0.0010372577,6.0149200000000003e-05,637,False,False,False,False,False,True
491,rs3756325,0.0009909473,6.23673e-05,637,False,False,False,False,False,True
492,rs10810619,0.0008137472,6.05912e-05,635,False,False,False,False,False,True
493,rs174548,0.0008252814999999999,5.56754e-05,634,False,False,False,False,False,True
494,rs2160835,0.0009327785000000001,5.48436e-05,634,False,False,False,False,False,True
495,rs11771003,0.0009680967999999999,5.62975e-05,634,False,False,False,False,False,True
496,rs7761731,0.0010276646000000002,6.04697e-05,629,False,False,False,False,False,True
497,rs17261772,0.0007276873,5.4805699999999996e-05,629,False,False,False,False,False,True
498,rs16900972,0.0008822347,7.32803e-05,627,False,False,False,False,False,True
499,rs36063822,0.0008332253,5.95646e-05,626,False,False,False,True,False,True
500,rs1398450,0.0010339142,5.87118e-05,626,False,False,False,False,False,True
501,rs9268472,0.0008700767,6.05963e-05,625,False,False,False,False,False,True
502,rs3095570,0.0008550761,5.80656e-05,625,False,False,False,False,False,True
503,rs4972713,0.0009843489,5.8661999999999995e-05,624,False,False,False,False,False,True
504,rs11928334,0.0007548017,0.0001130546,623,False,False,False,True,True,True
505,rs9472785,0.0010297973,5.6958599999999994e-05,623,False,False,False,False,True,True
506,rs17263534,0.0007989513,6.34785e-05,623,False,False,False,True,False,True
507,rs386000,0.0008891442,5.48711e-05,622,False,False,False,False,False,True
508,rs10951188,0.0009287497,6.69413e-05,622,False,False,False,False,False,True
509,rs2019184,0.0009063931,5.64016e-05,622,False,False,False,False,False,True
510,rs10888772,0.0009481975,5.6403800000000004e-05,621,False,False,False,False,False,True
511,rs4424066,0.0008730177,5.8284899999999995e-05,620,False,False,False,False,False,True
512,rs7426104,0.0010345514,6.1913e-05,620,False,False,False,False,False,True
513,rs6102408,0.0009630845,5.541939999999999e-05,619,False,False,False,False,False,True
514,rs6119471,0.0007351982,0.00012035770000000001,618,False,False,False,True,False,True
515,rs55865348,0.0008127869,5.5613000000000004e-05,617,False,False,False,False,False,True
516,rs7581254,0.0008034925,7.471930000000001e-05,617,False,False,False,False,False,True
517,rs1684584,0.0009622709,6.11376e-05,616,False,False,False,False,False,True
518,rs9261401,0.0009892161999999999,6.0325e-05,615,False,False,False,False,False,True
519,rs1122927,0.0008829488000000001,7.39161e-05,615,False,False,False,False,False,True
520,rs174560,0.0008248903,6.19837e-05,613,False,False,False,False,False,True
521,rs1572912,0.0009175047,5.81234e-05,613,False,False,False,False,False,True
522,rs174547,0.0008010242999999999,6.578729999999999e-05,612,False,False,False,False,False,True
523,rs174550,0.0007944888,6.70075e-05,611,False,False,False,False,False,True
524,rs174545,0.0007914008999999999,6.72011e-05,610,False,False,False,False,False,True
525,rs3844178,0.0010228252,5.69173e-05,609,False,False,False,False,False,True
526,rs10208796,0.0006895277,5.33609e-05,607,False,False,False,False,False,True
527,rs73885319,0.0007893303,6.68987e-05,606,False,False,False,False,False,True
528,rs670283,0.0007405844999999999,0.0001071416,606,False,False,False,True,False,True
529,rs11859822,0.0008336436999999999,6.24949e-05,604,False,False,False,True,True,True
530,rs568789,0.0009056355000000001,6.14804e-05,603,False,False,False,False,False,True
531,rs595673,0.0008148827000000001,6.85757e-05,601,False,False,False,False,False,True
532,rs843819,0.0009399014,6.52248e-05,600,False,False,False,False,False,True
533,rs174562,0.0007976094,6.262930000000001e-05,598,False,False,False,False,False,True
534,rs2976397,0.0009569922999999999,5.83633e-05,596,False,False,False,False,False,True
535,rs77220573,0.0007902732,6.76738e-05,596,False,False,False,False,False,True
536,rs7119808,0.0007221663000000001,0.0001203723,595,False,False,False,True,False,True
537,rs7134682,0.0008971408999999999,5.85385e-05,595,False,False,False,False,False,True
538,rs2903378,0.0010358273,5.98854e-05,593,False,False,False,False,False,True
539,rs6739713,0.0008234435,5.26581e-05,593,False,False,True,False,False,True
540,rs13191852,0.000985167,7.72147e-05,593,False,False,False,False,False,True
541,rs9976319,0.0009896021,5.7666999999999995e-05,591,False,False,False,False,True,True
542,rs1288367,0.0009337341999999999,5.626e-05,589,False,False,False,False,False,True
543,rs2256974,0.0009522016000000001,6.12944e-05,588,False,False,False,False,False,True
544,rs40401,0.0009880562,5.93255e-05,588,False,False,False,False,True,True
545,rs1474925,0.0008900339999999999,5.58901e-05,587,False,False,False,False,True,True
546,rs11804831,0.0008493808999999999,6.32046e-05,587,False,False,False,False,False,True
547,rs10493248,0.0008145267999999999,8.28332e-05,581,False,False,False,True,False,True
548,rs6537567,0.0010197098,7.18271e-05,580,False,False,False,False,False,True
549,rs141975657,0.0008124086,0.0001017725,577,False,False,False,False,False,True
550,rs398227,0.0008635311999999999,5.48682e-05,577,False,False,False,False,False,True
551,rs974103,0.0009569034,5.26271e-05,573,False,False,False,False,False,True
552,rs3769027,0.0008776605,5.4302600000000004e-05,571,False,False,False,False,False,True
553,rs6494485,0.0007726934,8.39656e-05,570,False,False,False,False,False,True
554,rs4018608,0.0008543533,5.80688e-05,568,False,False,False,False,False,True
555,rs174546,0.0007844159,6.25591e-05,567,False,False,False,False,False,True
556,rs9260066,0.000877808,5.6057399999999996e-05,566,False,False,False,False,False,True
557,rs7315993,0.0008614886,5.29726e-05,565,False,False,False,False,False,True
558,rs4271968,0.0009745755,5.57162e-05,565,False,False,False,False,False,True
559,rs3814354,0.0008097333,5.679439999999999e-05,564,False,False,False,False,False,True
560,rs61528371,0.0006527568,5.39767e-05,563,False,False,False,False,False,True
561,rs757364,0.0009830602,5.49285e-05,563,False,False,False,False,False,True
562,rs7382061,0.0009423217,6.0247e-05,563,False,False,False,False,False,True
563,rs6909253,0.0009335,5.6989899999999995e-05,562,False,False,False,False,False,True
564,rs3732487,0.0008755924,5.96975e-05,562,False,False,False,False,False,True
565,rs2223636,0.000957686,5.69127e-05,559,False,False,False,False,False,True
566,rs6909437,0.0009435425,5.96041e-05,557,False,False,False,False,False,True
567,rs9568981,0.0009807982,6.26205e-05,557,False,False,False,False,False,True
568,rs7525142,0.0009038458,5.4288599999999994e-05,554,False,False,False,False,False,True
569,rs6572564,0.0009387822,6.40723e-05,554,False,False,False,False,False,True
570,rs11006719,0.0008876127,6.43757e-05,553,False,False,False,False,False,True
571,rs2994894,0.0009527425999999999,6.31679e-05,552,False,False,False,False,False,True
572,rs34819224,0.0007226597,0.00012131610000000001,552,False,False,False,False,False,True
573,rs2977531,0.001046882,8.592709999999999e-05,551,False,False,False,False,False,True
574,rs56196829,0.0010223163,5.5704899999999996e-05,551,False,False,False,False,False,True
575,rs146930914,0.0008107167999999999,8.974659999999999e-05,551,False,False,False,False,False,True
576,rs12947457,0.0009012296,6.03252e-05,550,False,False,False,False,True,True
577,rs9260492,0.0009187107000000001,6.29512e-05,548,False,False,False,False,False,True
578,rs7674083,0.0007637792999999999,5.09604e-05,548,False,False,False,False,False,True
579,rs1042174,0.0009901589,5.80823e-05,548,False,False,False,False,False,True
580,rs4482907,0.0011260228,6.06643e-05,547,False,False,False,False,True,True
581,rs4889630,0.0008257445,5.88063e-05,546,False,False,False,True,False,True
582,rs2641269,0.0008789089,5.94178e-05,546,False,False,False,False,False,True
583,rs6947745,0.0010401609,6.0943e-05,546,False,False,False,False,False,True
584,rs1691580,0.0010994931,6.30217e-05,546,False,False,False,False,False,True
585,rs1040248,0.0008892908,6.293850000000001e-05,545,False,False,False,False,False,True
586,rs139932,0.0009500881,5.68177e-05,545,False,False,False,False,False,True
587,rs983763,0.0007130734,0.00010649610000000001,543,False,False,False,False,False,True
588,rs609096,0.0008558541,6.70289e-05,540,False,False,False,False,False,True
589,rs10193128,0.0011289633,6.64047e-05,540,False,False,False,False,False,True
590,rs2377892,0.0007865105,5.46135e-05,540,False,False,False,False,False,True
591,rs6913646,0.0009543907000000001,7.01115e-05,538,False,False,False,False,False,True
592,rs10915571,0.0009310159,6.0013900000000005e-05,538,False,False,False,False,False,True
593,rs2294489,0.0009052969000000001,5.251e-05,538,False,False,False,False,False,True
594,rs6557678,0.0009690416,5.6322799999999995e-05,537,False,False,False,False,False,True
595,rs2097431,0.0008719925999999999,5.64868e-05,534,False,False,False,False,True,True
596,rs2982893,0.000792976,5.1396899999999996e-05,533,False,False,False,False,False,True
597,rs1124417,0.0009982354,5.5306099999999996e-05,530,False,False,False,False,False,True
598,rs6963278,0.0012139999,6.461390000000001e-05,530,False,False,False,False,False,True
599,rs4922233,0.0008969901,5.3101899999999994e-05,529,False,False,False,False,False,True
600,rs9610308,0.0009812135,5.6735100000000005e-05,528,False,False,False,False,False,True
601,rs274741,0.0008367458999999999,6.43118e-05,528,False,False,False,False,False,True
602,rs133072,0.0009101633000000001,6.98762e-05,527,False,False,False,False,False,True
603,rs4713693,0.0010238215,5.9991499999999996e-05,527,False,False,False,False,False,True
604,rs61164110,0.0008162788000000001,5.45364e-05,526,False,False,False,False,False,True
605,rs1135688,0.0009124749,5.34842e-05,524,False,False,False,False,False,True
606,rs9434576,0.0007180939,7.42217e-05,524,False,False,False,True,False,True
607,rs10123583,0.0008978155,5.33683e-05,523,False,False,False,False,False,True
608,rs13191519,0.0008708441,7.32001e-05,523,False,False,False,False,False,True
609,rs3132954,0.0009278368,5.77029e-05,521,False,False,False,False,False,True
610,rs11866987,0.0008561622,6.773699999999999e-05,521,False,False,False,False,False,True
611,rs73440012,0.000729049,7.75065e-05,521,False,False,False,False,False,True
612,rs45438992,0.0007699274,7.59487e-05,521,False,False,False,False,False,True
613,rs174568,0.0007759582000000001,6.04016e-05,520,False,False,False,False,False,True
614,rs174583,0.0007928079,5.81658e-05,519,False,False,False,False,False,True
615,rs112008981,0.0006897005000000001,5.1160600000000006e-05,517,False,False,False,False,False,True
616,rs12908352,0.0008767703,5.38608e-05,516,False,False,False,False,False,True
617,rs11065850,0.0008649261,6.8218e-05,516,False,False,False,False,False,True
618,rs183211,0.0010038531,6.301689999999999e-05,515,False,False,False,False,True,True
619,rs28655406,0.0009381553,5.54245e-05,513,False,False,False,False,False,True
620,rs9271367,0.0008613910000000001,5.52871e-05,512,False,False,False,False,True,True
621,rs10898908,0.000783845,8.535209999999999e-05,512,False,False,False,True,False,True
622,rs3834458,0.0007768639,6.25957e-05,511,False,False,False,False,False,True
623,rs12404508,0.0008880105,6.8504e-05,509,False,False,False,True,False,True
624,rs3129877,0.0009085082000000001,6.521600000000001e-05,509,False,False,False,False,False,True
625,rs143479763,0.0008005569999999999,9.64045e-05,507,False,False,False,False,False,True
626,rs1105097,0.0009384586,5.18576e-05,504,False,False,False,False,False,True
627,rs7561321,0.0008724312,5.6043e-05,503,False,False,False,False,False,True
628,rs142167,0.0009896794,6.52436e-05,502,False,False,False,False,False,True
629,rs3806156,0.0008440763,5.4919499999999995e-05,499,False,False,False,False,False,True
630,rs3130177,0.0009278042,5.7008e-05,499,False,False,False,False,False,True
631,rs1455986,0.0009855163,6.15127e-05,498,False,False,False,False,False,True
632,rs9402947,0.0009011664,4.99834e-05,498,False,False,False,False,False,True
633,rs2075902,0.0008750189,5.6571800000000006e-05,497,False,False,False,False,False,True
634,rs12426660,0.0008016201,8.24745e-05,497,False,False,False,False,False,True
635,rs1872377,0.0007125421000000001,0.0001114523,495,False,False,False,True,False,True
636,rs7753264,0.0008487688,5.5252e-05,494,False,False,False,False,False,True
637,rs74964604,0.0009347692999999999,5.43451e-05,493,False,False,False,False,False,True
638,rs7001460,0.0008664978,5.73311e-05,492,False,False,False,False,False,True
639,rs565536,0.0009586286999999999,5.71468e-05,492,False,False,False,False,False,True
640,rs4693665,0.0009293306,5.06161e-05,490,False,False,False,False,False,True
641,rs113453283,0.0008658492999999999,8.83986e-05,490,False,False,False,False,False,True
642,rs10505879,0.0008080044,7.09093e-05,490,False,False,False,False,False,True
643,rs3824915,0.0009221866000000001,5.12007e-05,489,False,False,False,False,False,True
644,rs16920516,0.0009753574000000001,5.5053e-05,489,False,False,False,False,False,True
645,rs9271365,0.0009023203999999999,5.34883e-05,486,False,False,False,False,False,True
646,rs2095159,0.0008815456,5.73263e-05,486,False,False,False,False,False,True
647,rs9275243,0.0009314207000000001,5.62522e-05,485,False,False,False,False,False,True
648,rs11240271,0.0009209981,5.197060000000001e-05,484,False,False,False,False,False,True
649,rs2766491,0.0007026597,0.0001149779,484,False,False,False,True,False,True
650,rs7069367,0.0009500805,5.58073e-05,484,False,False,False,False,False,True
651,rs1352863,0.0009168396000000001,5.67609e-05,483,False,False,False,False,False,True
652,rs79911035,0.0007889303,8.383030000000001e-05,483,False,False,False,True,False,True
653,rs2035067,0.0006945219,0.0001180052,483,False,False,False,True,False,True
654,rs199501,0.0009991464,5.9444499999999996e-05,482,False,False,False,False,False,True
655,rs411418,0.0009547391000000001,5.5564799999999994e-05,482,False,False,False,False,True,True
656,rs146736582,0.0007811516,9.62977e-05,482,False,False,False,False,False,True
657,rs9268606,0.0008429364,5.19102e-05,482,False,False,False,False,False,True
658,rs2424205,0.0010367394,6.03319e-05,482,False,False,False,False,False,True
659,rs10166142,0.0008020839,5.8773e-05,482,False,False,False,False,False,True
660,rs9268615,0.0008445169,5.5372200000000005e-05,481,False,False,False,False,False,True
661,rs3792006,0.0007125711,8.260139999999999e-05,480,False,False,False,True,False,True
662,rs142582723,0.0007922352,9.44885e-05,479,False,False,False,False,False,True
663,rs1318278,0.0008886164,5.68333e-05,479,False,False,False,False,False,True
664,rs9268610,0.0008426655,5.0353000000000004e-05,479,False,False,False,False,False,True
665,rs10016143,0.000677097,0.00011066879999999999,478,False,False,False,False,False,True
666,rs4612206,0.0008430892999999999,5.7583e-05,478,False,False,False,False,False,True
667,rs12066877,0.0009972683999999999,5.96273e-05,477,False,False,False,False,False,True
668,rs6023407,0.0009204377,7.30715e-05,476,False,False,False,True,False,True
669,rs2076523,0.0008467444,5.9228400000000004e-05,476,False,False,False,False,False,True
670,rs28678205,0.0009290696,6.14335e-05,475,False,False,False,False,False,True
671,rs6063186,0.0009572442999999999,5.28623e-05,475,False,False,False,False,False,True
672,rs6919855,0.0010154977,6.52268e-05,475,False,False,False,False,True,True
673,rs2613674,0.0009280136999999999,5.73389e-05,475,False,False,False,False,False,True
674,rs11005017,0.0010053517,6.22341e-05,474,False,False,False,False,False,True
675,rs6432127,0.0009520389,6.229880000000001e-05,474,False,False,False,False,False,True
676,rs16933586,0.0007153499000000001,7.28759e-05,474,False,False,False,True,False,True
677,rs2322659,0.0007853927999999999,4.816e-05,473,False,False,False,False,False,True
678,rs7336116,0.0009794972,5.69597e-05,471,False,False,False,False,False,True
679,rs199688082,0.0006646289,5.81442e-05,471,False,False,False,False,False,True
680,rs1873549,0.0008107017,6.38262e-05,469,False,False,False,False,False,True
681,rs6814407,0.0009121707,5.71909e-05,469,False,False,False,False,True,True
682,rs928771,0.0008952769000000001,5.19459e-05,468,False,False,False,False,False,True
683,rs12937492,0.0008650448,5.9625e-05,467,False,False,False,False,True,True
684,rs756174,0.0009379233999999999,5.37373e-05,467,False,False,False,False,False,True
685,rs3732114,0.0009488503999999999,6.39388e-05,465,False,False,False,False,False,True
686,rs778211,0.0009489580000000001,4.8565699999999995e-05,465,False,False,False,False,False,True
687,rs7919051,0.0006901096,0.0001087966,465,False,False,False,True,False,True
688,rs1333775,0.000845127,5.44151e-05,463,False,False,False,False,False,True
689,rs6457150,0.0009367708,6.10839e-05,462,False,False,False,False,False,True
690,rs7756262,0.0008458510000000001,5.59459e-05,460,False,False,False,False,False,True
691,rs746546,0.0007660915,6.99563e-05,459,False,False,False,False,False,True
692,rs3116807,0.0009579514999999999,5.51653e-05,459,False,False,False,False,False,True
693,rs9271541,0.0009147914,6.67985e-05,459,False,False,False,False,False,True
694,rs28384790,0.0008630687,5.91005e-05,458,False,False,False,False,False,True
695,rs9261301,0.0009089845,5.41725e-05,458,False,False,False,False,False,True
696,rs9469112,0.0009203848,5.6792e-05,458,False,False,False,False,True,True
697,rs7773756,0.0008521275999999999,5.76508e-05,457,False,False,False,False,False,True
698,rs1552991,0.0010033271,5.98693e-05,456,False,False,False,False,False,True
699,rs798887,0.0008467498,5.3371099999999995e-05,456,False,False,False,False,False,True
700,rs2605419,0.0008761322,5.7067799999999996e-05,456,False,False,False,False,False,True
701,rs1408135,0.0009551346,5.6512600000000005e-05,455,False,False,False,False,False,True
702,rs2901383,0.0008371450999999999,6.06654e-05,454,False,False,False,False,False,True
703,rs7938698,0.000899097,5.4416e-05,454,False,False,False,False,False,True
704,rs1467016,0.0006838289,9.12394e-05,454,False,False,False,True,False,True
705,rs6923504,0.0009886378,6.47046e-05,452,False,False,False,False,False,True
706,rs4348358,0.0008453248,5.6132e-05,452,False,False,False,False,False,True
707,rs11568820,0.0009654819999999999,5.8177600000000004e-05,451,False,False,False,False,False,True
708,rs6699435,0.0008469002,5.5308599999999994e-05,451,False,False,False,False,False,True
709,rs6908205,0.0008965567999999999,7.30266e-05,451,False,False,False,False,False,True
710,rs7970314,0.0009939325,5.7296499999999996e-05,450,False,False,False,False,False,True
711,rs9270600,0.0009323789,6.39551e-05,449,False,False,False,False,False,True
712,rs820335,0.000879954,5.77379e-05,448,False,False,False,False,False,True
713,rs798790,0.0008844155,6.61636e-05,448,False,False,False,False,False,True
714,rs2574920,0.00084159,7.89671e-05,448,False,False,False,False,False,True
715,rs2997922,0.0009198658,5.89621e-05,447,False,False,False,False,False,True
716,rs10501438,0.0009294615,6.1455e-05,446,False,False,False,False,False,True
717,rs6549217,0.0008807658999999999,5.22129e-05,445,False,False,False,False,True,True
718,rs9268589,0.0008481078999999999,5.4340100000000005e-05,443,False,False,False,False,False,True
719,rs1250233,0.0007708092999999999,6.12459e-05,443,False,False,False,False,False,True
720,rs9482645,0.0008716675,5.0128100000000005e-05,442,False,False,False,False,False,True
721,rs6780176,0.0009715731,5.3884399999999995e-05,442,False,False,False,False,False,True
722,rs9268634,0.0008377904,5.374439999999999e-05,442,False,False,False,False,False,True
723,rs4870957,0.0008140586,6.51048e-05,441,False,False,False,False,False,True
724,rs9268609,0.0008431137,5.5884099999999996e-05,440,False,False,False,False,False,True
725,rs9268605,0.000845103,5.7438599999999996e-05,440,False,False,False,False,False,True
726,rs3820422,0.0008943135,5.2134899999999994e-05,439,False,False,False,False,False,True
727,rs16859382,0.0006645063,0.0001122913,437,False,False,False,True,False,True
728,rs5002702,0.0009114935,5.4530699999999996e-05,436,False,False,False,False,False,True
729,rs9522149,0.0007869383,5.69654e-05,436,False,True,True,False,False,True
730,rs2077576,0.0008535136,6.02972e-05,436,False,False,False,False,False,True
731,rs4889651,0.0008134843,5.77048e-05,433,False,False,False,True,True,True
732,rs4452212,0.0007360488,5.045020000000001e-05,431,False,False,False,False,False,True
733,rs12997069,0.0008073136,6.924350000000001e-05,430,False,False,False,False,False,True
734,rs9382643,0.0008632067,4.88591e-05,430,False,False,False,False,False,True
735,rs1424760,0.0009121,5.45338e-05,429,False,False,False,False,False,True
736,rs6657370,0.0008999017999999999,5.4514799999999995e-05,429,False,False,False,False,False,True
737,rs10742569,0.000915325,6.31874e-05,428,False,False,False,False,False,True
738,rs188698400,0.0007784255000000001,9.523729999999999e-05,428,False,False,False,False,False,True
739,rs9271545,0.0009047624000000001,7.06021e-05,427,False,False,False,False,False,True
740,rs6739054,0.0009222164,5.76446e-05,427,False,False,False,False,False,True
741,rs9271424,0.0009074846000000001,5.6374899999999995e-05,426,False,False,False,False,False,True
742,rs9610510,0.0009346322,5.34999e-05,426,False,False,False,False,True,True
743,rs6430538,0.0007200403999999999,5.22937e-05,426,False,False,False,False,False,True
744,rs3853601,0.0007774519000000001,6.75683e-05,425,False,False,False,False,False,True
745,rs1602827,0.0009258364999999999,5.44205e-05,424,False,False,False,False,False,True
746,rs9270623,0.0009099607,6.423770000000001e-05,424,False,False,False,False,False,True
747,rs9268645,0.0008437284,5.8443500000000004e-05,423,False,False,False,False,False,True
748,rs9770059,0.0008887088,6.95124e-05,422,False,False,False,True,False,True
749,rs2836768,0.0009382939999999999,5.49408e-05,422,False,False,False,False,False,True
750,rs1049622,0.0009048525999999999,5.9146000000000006e-05,422,False,False,False,False,False,True
751,rs9296069,0.0008479564999999999,5.35785e-05,422,False,False,False,False,False,True
752,rs9273852,0.0009350386999999999,5.41795e-05,421,False,False,False,False,True,True
753,rs1992764,0.0007743341,5.20216e-05,421,False,False,False,False,False,True
754,rs4246254,0.0007798969000000001,6.15589e-05,421,False,False,False,False,False,True
755,rs7382539,0.0009498617,5.4054799999999996e-05,420,False,False,False,False,False,True
756,rs2052369,0.0008765921000000001,5.41868e-05,420,False,False,False,False,False,True
757,rs58661359,0.0007392636999999999,7.55946e-05,420,False,False,False,False,False,True
758,rs521828,0.0008839926,5.5913000000000005e-05,419,False,False,False,False,False,True
759,rs723504,0.0009472424000000001,5.57159e-05,419,False,False,False,False,False,True
760,rs9468842,0.0009090273,5.29003e-05,419,False,False,False,False,False,True
761,rs2285319,0.0009030913000000001,5.9458999999999994e-05,418,False,False,False,False,False,True
762,rs16842895,0.0008353419000000001,6.94036e-05,415,False,False,False,False,False,True
763,rs1040425,0.0008707150999999999,5.3305e-05,415,False,False,False,False,False,True
764,rs9403680,0.0009975516,6.185859999999999e-05,414,False,False,False,False,False,True
765,rs2593595,0.0008660222999999999,6.866810000000001e-05,413,False,True,True,False,False,True
766,rs3873334,0.0008992325,5.61049e-05,412,False,False,False,False,False,True
767,rs343092,0.0008697093,5.6471199999999996e-05,411,False,False,False,False,False,True
768,rs200258147,0.0007079517,5.0964499999999996e-05,411,False,False,False,False,False,True
769,rs13011892,0.0009398991,6.30763e-05,410,False,False,False,False,False,True
770,rs4954567,0.0007917547,4.90586e-05,410,False,False,False,False,False,True
771,rs7971075,0.0008715621,5.2253199999999996e-05,410,False,False,False,False,False,True
772,rs9394021,0.0008922588,5.61757e-05,409,False,False,False,False,False,True
773,rs4618569,0.0009177533999999999,5.97086e-05,408,False,False,False,False,False,True
774,rs2487596,0.0009136398,6.08685e-05,408,False,False,False,False,False,True
775,rs10484554,0.0008498233,7.41971e-05,408,False,False,False,False,False,True
776,rs6903608,0.0009450629,6.03406e-05,407,False,False,False,False,False,True
777,rs7743761,0.0009161194,6.06926e-05,407,False,False,False,False,False,True
778,rs2106441,0.0008720313,5.40979e-05,407,False,False,False,False,False,True
779,rs6425189,0.000990521,5.8789700000000004e-05,407,False,False,False,False,False,True
780,rs6684677,0.0008734550999999999,5.84384e-05,406,False,False,False,False,False,True
781,rs35284141,0.0009584283999999999,5.5896599999999996e-05,405,False,False,False,False,False,True
782,rs7743661,0.0008982847,5.7457299999999996e-05,404,False,False,False,False,False,True
783,rs598960,0.0006598407000000001,0.0001087623,403,False,False,False,True,False,True
784,rs7566612,0.0009837189,5.5198800000000004e-05,403,False,False,False,False,False,True
785,rs8041147,0.0009716267999999999,5.16193e-05,401,False,False,False,False,False,True
786,rs7142700,0.0009200839999999999,5.42042e-05,400,False,False,False,False,False,True
787,rs704649,0.000943242,5.5523400000000004e-05,400,False,False,False,False,False,True
788,rs9265953,0.0009566541000000001,5.7597e-05,398,False,False,False,False,False,True
789,rs102274,0.0007562255000000001,6.019399999999999e-05,398,False,False,False,False,False,True
790,rs8034182,0.0009616921,5.48275e-05,396,False,False,False,False,False,True
791,rs11752262,0.0008048303,5.53224e-05,396,False,False,False,False,False,True
792,rs12343946,0.0006802119,7.46192e-05,395,False,False,False,False,False,True
793,rs1891473,0.0006815657000000001,0.0001013448,395,False,False,False,True,False,True
794,rs7739347,0.0008378669,6.29015e-05,395,False,False,False,False,False,True
795,rs2276102,0.0009949865,5.5068599999999997e-05,393,False,False,False,False,False,True
796,rs12191877,0.000855465,7.74151e-05,392,False,False,False,False,False,True
797,rs1426741,0.0008827739,5.50767e-05,392,False,False,False,False,False,True
798,rs11707080,0.000885015,5.60477e-05,392,False,False,False,False,False,True
799,rs15676,0.000900867,5.3233900000000005e-05,392,False,False,False,False,False,True
800,rs7756521,0.0009049877,5.59301e-05,392,False,False,False,False,False,True
801,rs6457617,0.0009063841,5.6406800000000003e-05,390,False,False,False,False,False,True
802,rs7225971,0.0009022477,6.69031e-05,390,False,False,False,False,False,True
803,rs6457620,0.0009027178,5.5514700000000006e-05,390,False,False,False,False,False,True
804,rs2875967,0.0009297042999999999,5.48275e-05,390,False,False,False,False,False,True
805,rs738566,0.0008457565,5.6593100000000005e-05,390,False,False,False,False,False,True
806,rs13066103,0.0008801261,5.81059e-05,389,False,False,False,False,False,True
807,rs789026,0.0010452655,5.83661e-05,388,False,False,False,False,False,True
808,rs17574942,0.0009419001,9.25468e-05,388,False,False,False,False,False,True
809,rs11100382,0.00099236,5.61518e-05,388,False,False,False,False,False,True
810,rs10835232,0.0009284531,5.029270000000001e-05,388,False,False,False,False,False,True
811,rs480945,0.0009340482000000001,5.47867e-05,387,False,False,False,False,False,True
812,rs953387,0.0008045666,5.0420699999999997e-05,387,False,False,False,False,False,True
813,rs1882694,0.000932201,5.73362e-05,386,False,False,False,False,False,True
814,rs11084442,0.0009506759,5.5819499999999996e-05,386,False,False,False,False,False,True
815,rs150914,0.00068367,6.9593e-05,384,False,False,False,True,False,True
816,rs6724376,0.0009756271000000001,5.39954e-05,383,False,False,False,False,True,True
817,rs6504983,0.0008838136999999999,5.0755200000000005e-05,383,False,False,False,False,False,True
818,rs9289000,0.0009109064,5.52463e-05,383,False,False,False,False,False,True
819,rs73401203,0.0007971155,6.4933e-05,381,False,False,False,False,False,True
820,rs16846646,0.0007518677,5.42304e-05,381,False,False,False,False,False,True
821,rs55889463,0.000916881,5.99818e-05,381,False,False,False,False,False,True
822,rs28538685,0.0006481368,0.0001102308,381,False,False,False,False,False,True
823,rs1410551,0.0009478069,5.5330699999999995e-05,380,False,False,False,False,False,True
824,rs8033972,0.0008797382000000001,6.0505100000000005e-05,379,False,False,False,False,False,True
825,rs4341955,0.0008104823,7.6642e-05,378,False,False,False,False,False,True
826,rs9269056,0.0009409657000000001,5.48103e-05,376,False,False,False,False,False,True
827,rs17140248,0.000943055,5.57465e-05,375,False,False,False,False,False,True
828,rs1812576,0.0008554328,5.75453e-05,375,False,False,False,False,False,True
829,rs61385796,0.000729449,7.88135e-05,375,False,False,False,False,False,True
830,rs74002614,0.00068557,5.04592e-05,375,False,False,False,False,False,True
831,rs111868405,0.0009143308,5.92233e-05,374,False,False,False,False,False,True
832,rs6923777,0.0008639511,5.8745299999999995e-05,374,False,False,False,False,False,True
833,rs7122044,0.0009030005,5.26308e-05,373,False,False,False,False,False,True
834,rs9271550,0.0008933425,5.60726e-05,372,False,False,False,False,False,True
835,rs7124275,0.0009051892999999999,5.1721e-05,372,False,False,False,False,False,True
836,rs4864217,0.0009011726,5.5665e-05,372,False,False,False,False,False,True
837,rs13218306,0.0008470807000000001,7.2042e-05,371,False,False,False,False,False,True
838,rs6512274,0.0006809864,0.0001092316,371,False,False,False,False,False,True
839,rs6909136,0.0008856614999999999,5.35497e-05,370,False,False,False,False,False,True
840,rs973786,0.0008028942,5.95065e-05,370,False,False,False,False,False,True
841,rs2869158,0.0009198380000000001,5.5531599999999995e-05,370,False,False,False,False,False,True
842,rs72762100,0.0007826688000000001,6.29035e-05,369,False,False,False,False,False,True
843,rs968122,0.0009717174,5.49159e-05,369,False,False,False,False,False,True
844,rs6911777,0.0008059911,6.031770000000001e-05,369,False,False,False,False,True,True
845,rs642093,0.0008929166,6.31232e-05,368,False,False,False,False,False,True
846,rs8071181,0.0006673575,9.828030000000001e-05,367,False,False,False,True,False,True
847,rs3873388,0.0009532137,5.50138e-05,366,False,False,False,False,False,True
848,rs12642972,0.0008052416,5.73893e-05,366,False,False,False,False,False,True
849,rs2468208,0.0009135247,5.1193e-05,365,False,False,False,False,False,True
850,rs1517851,0.0009580408,5.2768599999999995e-05,365,False,False,False,False,False,True
851,rs221109,0.0007555089,6.95625e-05,364,False,False,False,True,False,True
852,rs12545178,0.0008868300999999999,5.26606e-05,364,False,False,False,False,False,True
853,rs6862684,0.000775923,5.13809e-05,364,False,False,False,False,False,True
854,rs13203722,0.0008352838000000001,7.21554e-05,363,False,False,False,False,False,True
855,rs1062935,0.0009414206,5.73815e-05,363,False,False,False,False,False,True
856,rs9610329,0.0009146392,5.06341e-05,363,False,False,False,False,False,True
857,rs174537,0.0007366424,5.93888e-05,363,False,False,False,False,False,True
858,rs2416791,0.0008217761999999999,7.87582e-05,362,False,False,True,False,False,True
859,rs228067,0.0010266912,6.27059e-05,362,False,False,False,False,False,True
860,rs6732962,0.0009460507000000001,5.70413e-05,361,False,False,False,False,False,True
861,rs6494466,0.000868135,6.0460699999999995e-05,361,False,False,False,False,False,True
862,rs28895007,0.0008501221000000001,7.5039e-05,361,False,False,False,False,False,True
863,rs2328944,0.0009119967999999999,5.24201e-05,361,False,False,False,False,True,True
864,rs6547636,0.0009140228999999999,5.37275e-05,360,False,False,False,False,False,True
865,rs10517749,0.0009835751,5.0925200000000005e-05,360,False,False,False,False,False,True
866,rs2579640,0.000880398,5.7665e-05,360,False,False,False,False,False,True
867,rs2524293,0.0009079786,5.32271e-05,360,False,False,False,False,False,True
868,rs9501032,0.0008978764,5.7899099999999996e-05,360,False,False,False,False,False,True
869,rs2426641,0.0008836900999999999,5.32256e-05,360,False,False,False,False,False,True
870,rs2196736,0.0010190582,5.5256599999999995e-05,359,False,False,False,False,False,True
871,rs11158875,0.0009648744,5.76832e-05,359,False,False,False,False,False,True
872,rs7183695,0.0008584106,6.00955e-05,359,False,False,False,False,False,True
873,rs2215897,0.0009236635000000001,5.7217200000000005e-05,358,False,False,False,False,False,True
874,rs2844494,0.000897027,5.58955e-05,358,False,False,False,False,False,True
875,rs78002486,0.0007239767,8.380379999999999e-05,357,False,False,False,False,False,True
876,rs2472708,0.0007853127000000001,5.2472299999999996e-05,357,False,False,False,False,False,True
877,rs9555607,0.0007670827,6.20571e-05,356,False,False,False,False,False,True
878,rs1711035,0.0009921009,5.4064099999999996e-05,356,False,False,False,False,False,True
879,rs1638746,0.0009837109,5.8347700000000004e-05,356,False,False,False,False,False,True
880,rs12085006,0.0008991514999999999,5.0274899999999995e-05,355,False,False,False,False,False,True
881,rs1391615,0.0008985835000000001,5.3291599999999996e-05,355,False,False,False,False,True,True
882,rs4734329,0.0010103348,5.39391e-05,353,False,False,False,False,False,True
883,rs3117134,0.0008747721,5.57963e-05,353,False,False,False,False,False,True
884,rs1367609,0.0009366378,5.83712e-05,353,False,False,False,False,False,True
885,rs7635981,0.0009842839,5.5440600000000006e-05,353,False,False,False,False,False,True
886,rs4549775,0.0009047489,5.4652e-05,353,False,False,False,False,False,True
887,rs72857632,0.0009941503,7.53567e-05,351,False,False,False,False,False,True
888,rs9275601,0.0009860736999999999,5.6072299999999995e-05,351,False,False,False,False,False,True
889,rs743479,0.0009352359,5.6679e-05,350,False,False,False,False,False,True
890,rs2253658,0.0009367132000000001,6.08354e-05,350,False,False,False,False,False,True
891,rs740603,0.0009701863,5.70402e-05,350,False,False,False,False,False,True
892,rs13191099,0.0008391838,6.74379e-05,350,False,False,False,False,False,True
893,rs1860264,0.0008804913000000001,5.3843e-05,350,False,False,False,False,False,True
894,rs3747858,0.0009853678999999999,6.02251e-05,349,False,False,False,False,False,True
895,rs9268832,0.0008737441,5.1780299999999996e-05,349,False,False,False,False,True,True
896,rs174598,0.0007710061,6.00478e-05,349,False,False,False,False,False,True
897,rs10938153,0.0008501183000000001,5.24963e-05,349,False,False,False,False,False,True
898,rs1999594,0.0009038217,5.53764e-05,349,False,False,False,False,False,True
899,rs6774867,0.0009051959,5.64554e-05,349,False,False,False,False,False,True
900,rs35206412,0.0008867849,5.3850699999999996e-05,348,False,False,False,False,False,True
901,rs11036212,0.0008927872999999999,5.58558e-05,348,False,False,False,False,False,True
902,rs7926724,0.0009625069,5.79904e-05,348,False,False,False,False,False,True
903,rs8051241,0.0009483405,5.5043599999999996e-05,347,False,False,False,False,False,True
904,rs28453748,0.0008513946000000001,6.81371e-05,346,False,False,False,False,False,True
905,rs67057751,0.0007920503,5.01796e-05,346,False,False,False,False,False,True
906,rs7811282,0.0008733924000000001,5.39088e-05,346,False,False,False,False,False,True
907,rs6929796,0.0008669283,5.8106099999999996e-05,346,False,False,False,False,False,True
908,rs3828890,0.0007908750999999999,6.639430000000001e-05,345,False,False,False,False,False,True
909,rs9271562,0.0008787297999999999,5.94472e-05,345,False,False,False,False,True,False
910,rs7801643,0.0009756139,5.36858e-05,344,False,False,False,False,False,True
911,rs7722773,0.0008911181,5.7300500000000005e-05,344,False,False,False,False,False,True
912,rs761188,0.0008778983,5.97641e-05,344,False,False,False,False,False,True
913,rs2858302,0.0009147171,5.2308e-05,343,False,False,False,False,True,True
914,rs969891,0.0008786903999999999,5.6897e-05,342,False,False,False,False,False,True
915,rs3205192,0.0009114379,4.97092e-05,341,False,False,False,False,False,True
916,rs878371,0.0008648288,5.09774e-05,341,False,False,False,False,False,False
917,rs10871349,0.0009974221,5.3978900000000006e-05,341,False,False,False,False,False,True
918,rs9830186,0.0008803477,5.82128e-05,340,False,False,False,False,False,True
919,rs13336827,0.0007132525999999999,7.75474e-05,340,False,False,False,False,False,True
920,rs2859102,0.0008209002999999999,5.73239e-05,340,False,False,False,False,False,True
921,rs1452054,0.0008751319,7.19054e-05,339,False,False,False,True,False,True
922,rs12192286,0.000840316,6.71278e-05,339,False,False,False,False,False,True
923,rs1367345,0.0009239441,5.2514e-05,338,False,False,False,False,False,True
924,rs77841046,0.0008464356,5.70874e-05,338,False,False,False,False,False,True
925,rs7745267,0.0009294708,5.7188299999999996e-05,338,False,False,False,False,False,True
926,rs10782022,0.001021081,6.22479e-05,338,False,False,False,False,True,True
927,rs4842610,0.0008637641000000001,5.49254e-05,337,False,False,False,False,False,True
928,rs7011592,0.0006525735,9.865950000000001e-05,337,False,False,False,True,False,True
929,rs2027745,0.000956131,7.52492e-05,337,False,False,False,True,False,True
930,rs12629224,0.0009021974,5.82157e-05,337,False,False,False,False,False,True
931,rs2631896,0.0008476975,6.8081e-05,337,False,False,False,False,False,True
932,rs6728095,0.0008170777000000001,4.9339099999999997e-05,336,False,False,False,False,False,True
933,rs2989133,0.0008630871,5.64305e-05,335,False,False,False,False,False,True
934,rs28895003,0.0008659978,6.92186e-05,335,False,False,False,False,False,True
935,rs761189,0.0008732049,5.52858e-05,334,False,False,False,False,False,True
936,rs17067488,0.0009617311999999999,5.73346e-05,333,False,False,False,False,False,True
937,rs12762641,0.0008638792,6.216819999999999e-05,333,False,False,False,False,False,True
938,rs1627833,0.0007810517999999999,6.40593e-05,333,False,False,False,False,False,True
939,rs907421,0.0009225292999999999,5.73379e-05,333,False,False,False,False,False,True
940,rs7480010,0.0008808103999999999,5.8315e-05,333,False,False,False,False,False,True
941,rs954572,0.000997782,5.1057700000000004e-05,332,False,False,False,False,False,True
942,rs671960,0.0009221431,5.06456e-05,332,False,False,False,False,False,True
943,rs1459320,0.0008504196,5.54279e-05,331,False,False,False,False,False,True
944,rs3829794,0.0009640014,5.71658e-05,331,False,False,False,False,False,True
945,rs2416120,0.0009052535,5.7176099999999996e-05,331,False,False,False,False,False,True
946,rs650877,0.0008806219,5.4886099999999996e-05,330,False,False,False,False,False,False
947,rs9260809,0.0009238795,5.50526e-05,330,False,False,False,False,False,True
948,rs4726725,0.0009374178,4.71708e-05,330,False,False,False,False,False,True
949,rs12433674,0.0007602910000000001,7.04574e-05,328,False,False,False,True,False,True
950,rs4674376,0.0008768862,5.05416e-05,328,False,False,False,False,False,True
951,rs1635357,0.0009300781,5.37547e-05,328,False,False,False,False,False,True
952,rs1493949,0.0008843111,5.44261e-05,327,False,False,False,False,False,True
953,rs10897976,0.0009339121000000001,5.1562e-05,326,False,False,False,False,False,True
954,rs79515922,0.0008480446,6.53519e-05,326,False,False,False,False,False,True
955,rs35900457,0.0008930394999999999,5.0275600000000004e-05,325,False,False,False,False,False,True
956,rs640005,0.0007331957000000001,7.45828e-05,325,False,False,False,False,False,True
957,rs710664,0.0009553791,5.44126e-05,325,False,False,False,False,False,True
958,rs6558973,0.0008881733,5.1229399999999994e-05,325,False,False,False,False,False,True
959,rs13145031,0.0009362859,5.1769e-05,325,False,False,False,False,False,True
960,rs2078265,0.0008886975999999999,5.67258e-05,325,False,False,False,False,False,True
961,rs11648965,0.000764093,6.85954e-05,325,False,False,False,True,False,True
962,rs6001762,0.0008166873,6.94112e-05,325,False,False,False,False,False,True
963,rs9260579,0.0008813506,6.27116e-05,323,False,False,False,False,False,True
964,rs3017010,0.0006328446,8.32464e-05,323,False,False,False,False,False,True
965,rs1761663,0.0009288969999999999,5.8934499999999996e-05,323,False,False,False,False,False,True
966,rs2076537,0.0008663641,5.7933500000000004e-05,323,False,False,False,False,False,True
967,rs2550317,0.0009131127999999999,5.1768e-05,323,False,False,False,False,True,True
968,rs805292,0.0008944994999999999,5.4696899999999995e-05,322,False,False,False,False,False,True
969,rs600174,0.0008667312,4.87537e-05,321,False,False,False,False,False,True
970,rs2076539,0.0008736561,5.49929e-05,320,False,False,False,False,False,False
971,rs9983113,0.0009069889,5.1780299999999996e-05,320,False,False,False,False,False,True
972,rs17876032,0.0009150631,5.1029600000000004e-05,320,False,False,False,False,False,True
973,rs7926553,0.000938205,5.6624e-05,320,False,False,False,False,False,True
974,rs4072037,0.0009677427000000001,5.39242e-05,320,False,False,False,False,False,True
975,rs3823363,0.0008519875,5.28659e-05,319,False,False,False,False,True,True
976,rs6788677,0.0009111353999999999,5.27698e-05,319,False,False,False,False,False,False
977,rs10025535,0.0008668736999999999,5.1791499999999994e-05,319,False,False,False,False,False,True
978,rs28547571,0.0008985578,4.9295e-05,319,False,False,False,False,False,False
979,rs12593454,0.0009711683999999999,5.36799e-05,318,False,False,False,False,False,True
980,rs4777857,0.0010528056,5.83029e-05,318,False,False,False,False,True,True
981,rs2841012,0.0009523212,5.5568e-05,318,False,False,False,False,False,True
982,rs1949727,0.0008974589,5.48563e-05,317,False,False,False,False,False,True
983,rs2859355,0.000909909,5.3526099999999996e-05,316,False,False,False,False,False,False
984,rs10790372,0.0008142985,5.41938e-05,316,False,False,False,False,False,False
985,rs760718,0.0009203656,5.16504e-05,316,False,False,False,False,False,True
986,rs16874804,0.0009017964999999999,5.19964e-05,316,False,False,False,False,False,True
987,rs707952,0.0008602474000000001,6.16776e-05,315,False,False,False,False,False,False
988,rs835574,0.000839857,7.045470000000001e-05,314,False,False,False,False,False,True
989,rs11725412,0.0008589617,5.5966000000000006e-05,314,False,False,True,False,False,True
990,rs12421620,0.0008406455000000001,9.11206e-05,314,False,False,False,False,False,True
991,rs7868992,0.0008875988,5.31855e-05,314,False,False,False,False,False,True
992,rs16960761,0.0007319554,7.437399999999999e-05,314,False,False,False,False,False,True
993,rs10056609,0.0009449171,5.25576e-05,314,False,False,False,False,False,True
994,rs6712517,0.0008583042,6.06507e-05,313,False,False,False,False,False,False
995,rs73709180,0.0007084738,6.80345e-05,313,False,False,False,False,False,True
996,rs3130856,0.0008614759,5.8322299999999996e-05,313,False,False,False,False,False,True
997,rs17735010,0.0008774597,5.93012e-05,313,False,False,False,False,False,True
998,rs3117122,0.0008757352000000001,5.7702200000000005e-05,313,False,False,False,False,False,True
999,rs9260581,0.0008769246,6.07443e-05,312,False,False,False,False,False,True
1000,rs3132949,0.0009048142,5.05969e-05,312,False,False,False,False,False,True
1001,rs728333,0.0008815519,4.89041e-05,312,False,False,False,False,False,False
1002,rs2534674,0.0008874817,5.36737e-05,311,False,False,False,False,False,True
1003,rs7167693,0.0008811664999999999,5.6951400000000005e-05,311,False,False,False,False,False,False
1004,rs2052074,0.0007534939,8.30814e-05,311,False,False,False,False,False,True
1005,rs6911419,0.00091854,5.4511e-05,311,False,False,False,False,False,True
1006,rs1564326,0.0009640502,5.46604e-05,311,False,False,False,False,False,True
1007,rs873927,0.0007741165,5.64684e-05,310,False,False,False,False,False,False
1008,rs1321529,0.0009516083,5.60769e-05,310,False,False,False,False,False,False
1009,rs1391099,0.0009202478,5.21354e-05,309,False,False,False,False,False,True
1010,rs17631799,0.0008026639,4.85725e-05,309,False,False,False,False,False,False
1011,rs910050,0.0008729769999999999,5.77769e-05,309,False,False,False,False,False,True
1012,rs3006020,0.0009889327000000001,5.60972e-05,308,False,False,False,False,False,True
1013,rs7331661,0.0009095263,5.3363900000000006e-05,308,False,False,False,False,False,False
1014,rs3776349,0.0006424069,8.690870000000001e-05,308,False,False,False,False,False,True
1015,rs9911119,0.0008216246000000001,5.1241000000000006e-05,308,False,False,False,False,False,False
1016,rs9268658,0.0009198205000000001,5.5881099999999996e-05,308,False,False,False,False,False,False
1017,rs2243250,0.0008751294999999999,5.30621e-05,308,False,False,False,False,False,False
1018,rs40457,0.0009075444000000001,5.45138e-05,307,False,False,False,False,False,False
1019,rs6537420,0.0009575907,5.1583000000000004e-05,307,False,False,False,False,False,True
1020,rs2801528,0.0009601203,5.23475e-05,307,False,False,False,False,False,True
1021,rs4148546,0.0009967666,5.76291e-05,306,False,False,False,False,False,True
1022,rs2410432,0.0009505647,5.37524e-05,305,False,False,False,False,False,True
1023,rs7419666,0.0009544708000000001,5.72487e-05,305,False,False,False,False,False,False
